ORDENADOR,1.6875
PROYECTOR,1.681818182
RATON,1.6
AGUA,1.529411765
PANTALLAS,1.5
MESAS,1.388888889
SILLAS,1.333333333
TECLADO,1.321428571
TEMPERATURA,1.2
LUZ,1.16
